project_id,title,domain,skills,difficulty,description
1,AI Resume Analyzer,Artificial Intelligence,"Python, NLP, Machine Learning, TF-IDF","Beginner","Analyze resumes using NLP and identify skills, experience, and suitable job roles."
2,Student Performance Predictor,Machine Learning,"Python, Pandas, Scikit-learn, Regression","Beginner","Predict student academic performance using attendance, study hours, and previous marks."
3,Customer Churn Prediction,Machine Learning,"Python, Pandas, Classification, Scikit-learn","Intermediate","Predict whether customers are likely to leave a service based on customer behavior."
4,Fake News Detection,NLP,"Python, NLP, TF-IDF, Classification","Intermediate","Detect fake and misleading news articles using natural language processing and machine learning."
5,Sentiment Analysis,NLP,"Python, NLP, Text Classification, NLTK","Beginner","Analyze customer or social media text and classify it as positive, negative, or neutral."
6,Chatbot for Student Support,Artificial Intelligence,"Python, NLP, NLTK, Machine Learning","Intermediate","Build a chatbot that answers common student questions about courses and academic support."
7,Movie Recommendation System,Recommendation Systems,"Python, Pandas, Cosine Similarity, Machine Learning","Intermediate","Recommend movies to users based on their interests and previously selected movies."
8,Book Recommendation System,Recommendation Systems,"Python, Pandas, TF-IDF, Cosine Similarity","Intermediate","Recommend books by comparing user interests with book descriptions and genres."
9,Internship Recommendation System,Recommendation Systems,"Python, NLP, TF-IDF, Cosine Similarity","Intermediate","Recommend suitable internships based on student skills, interests, and career goals."
10,Job Recommendation System,Recommendation Systems,"Python, NLP, Machine Learning, TF-IDF","Intermediate","Recommend suitable job roles by matching candidate skills with job descriptions."
11,AI Project Topic Recommender,Student Support,"Python, NLP, TF-IDF, Cosine Similarity","Intermediate","Recommend project topics to students based on their interests, skills, academic background, and career goals."
12,House Price Prediction,Machine Learning,"Python, Pandas, Regression, Scikit-learn","Beginner","Predict house prices using location, area, number of rooms, and other property features."
13,Stock Price Prediction,Machine Learning,"Python, Pandas, Time Series, Machine Learning","Advanced","Analyze historical stock data and predict future price trends using machine learning."
14,Email Spam Detection,NLP,"Python, NLP, TF-IDF, Naive Bayes","Beginner","Classify emails as spam or legitimate using text processing and machine learning."
15,Diabetes Prediction,Machine Learning,"Python, Pandas, Classification, Scikit-learn","Intermediate","Predict the possibility of diabetes using patient-related numerical features."
16,Loan Approval Prediction,Machine Learning,"Python, Pandas, Classification, Scikit-learn","Intermediate","Predict loan approval based on applicant financial and personal information."
17,Customer Segmentation,Data Science,"Python, Pandas, K-Means, Clustering","Intermediate","Group customers into meaningful segments based on purchasing and behavioral patterns."
18,Sales Forecasting,Data Science,"Python, Pandas, Time Series, Visualization","Intermediate","Forecast future sales using historical sales data and time-series analysis."
19,Social Media Sentiment Analyzer,NLP,"Python, NLP, NLTK, Text Classification","Intermediate","Analyze social media posts and determine public sentiment about a topic or brand."
20,News Article Recommendation,NLP,"Python, NLP, TF-IDF, Cosine Similarity","Intermediate","Recommend relevant news articles based on the user's reading interests."
21,Image Classification with CNN,Deep Learning,"Python, TensorFlow, CNN, Computer Vision","Advanced","Classify images into different categories using a convolutional neural network."
22,Face Mask Detection,Computer Vision,"Python, OpenCV, CNN, TensorFlow","Advanced","Detect whether a person is wearing a face mask using computer vision and deep learning."
23,Handwritten Digit Recognition,Deep Learning,"Python, CNN, TensorFlow, Computer Vision","Intermediate","Recognize handwritten digits using a neural network trained on image data."
24,Object Detection System,Computer Vision,"Python, OpenCV, YOLO, Deep Learning","Advanced","Detect and locate objects in images or video using a deep learning object detection model."
25,Plant Disease Detection,Computer Vision,"Python, CNN, TensorFlow, Image Processing","Advanced","Identify plant diseases from leaf images using computer vision and deep learning."
26,Voice Emotion Recognition,Speech AI,"Python, Machine Learning, Audio Processing, Classification","Advanced","Identify emotions from human voice recordings using audio features and machine learning."
27,Speech to Text Application,Speech AI,"Python, Speech Recognition, NLP, Audio Processing","Intermediate","Convert spoken language into written text using speech recognition techniques."
28,AI Study Assistant,Artificial Intelligence,"Python, NLP, Machine Learning, Chatbot","Intermediate","Create an AI assistant that helps students with study questions, notes, and learning resources."
29,Personalized Learning Recommendation,Education AI,"Python, NLP, Recommendation Systems, Machine Learning","Advanced","Recommend personalized learning resources based on student performance and interests."
30,Skill Gap Analyzer,Student Support,"Python, NLP, TF-IDF, Machine Learning","Intermediate","Identify missing skills by comparing a student's skills with skills required for target careers."
31,Career Path Recommendation,Student Support,"Python, NLP, Recommendation Systems, Machine Learning","Advanced","Recommend suitable career paths based on student interests, skills, education, and goals."
32,Learning Resource Recommender,Education AI,"Python, NLP, TF-IDF, Cosine Similarity","Intermediate","Recommend courses, tutorials, and learning materials based on student interests and skill gaps."
33,Student Dropout Prediction,Education AI,"Python, Pandas, Classification, Scikit-learn","Advanced","Predict students who may be at risk of dropping out using academic and behavioral data."
34,College Admission Predictor,Education AI,"Python, Pandas, Regression, Machine Learning","Intermediate","Predict admission chances based on academic performance and other application features."
35,Question Answering System,NLP,"Python, NLP, Transformers, BERT","Advanced","Build a system that extracts and provides answers to questions from a given text."
36,Text Summarization System,NLP,"Python, NLP, Transformers, Text Processing","Advanced","Automatically generate short summaries from long documents or articles."
37,Language Detection System,NLP,"Python, NLP, Classification, Machine Learning","Beginner","Identify the language of a given text using natural language processing."
38,Resume Job Matcher,NLP,"Python, NLP, TF-IDF, Cosine Similarity","Intermediate","Match resumes with suitable job descriptions by comparing skills and text similarity."
39,AI Interview Question Generator,Generative AI,"Python, NLP, Transformers, Prompt Engineering","Advanced","Generate interview questions based on a student's resume, skills, and target job role."
40,Personalized Project Recommendation,Student Support,"Python, NLP, TF-IDF, Cosine Similarity","Intermediate","Recommend academic projects by matching student interests, skills, and career objectives."